tag,title,link
sports,"
আইপিএল মাঠের বাইরেও হারাল করোনাকে, গুগলে সবথেকে বেশি আগ্রহ
",https://www.priyo.com/e/2743966-আইপিএল-মাঠের-বাইরেও-হারাল-করোনাকে-গুগলে-সবথেকে-বেশি-আগ্রহ
sports,"
Rajshahi on the brink; Dhaka aim to qualify
",https://www.priyo.com/e/2743852-Rajshahi-on-the-brink;-Dhaka-aim-to-qualify
sports,"
মোহনবাগানকে হারিয়ে টি-টোয়েন্টি চ্যালেঞ্জ জিতল তপন মেমোরিয়াল, জ্বলে উঠলেন শাহবাজ
",https://www.priyo.com/e/2743808-মোহনবাগানকে-হারিয়ে-টি-টোয়েন্টি-চ্যালেঞ্জ-জিতল-তপন-মেমোরিয়াল-জ্বলে-উঠলেন-শাহবাজ
sports,"
মাশরাফির ১ উইকেট ‘প্রত্যাশার চেয়েও ভালো’
",https://www.priyo.com/e/2743823-মাশরাফির-১-উইকেট-‘প্রত্যাশার-চেয়েও-ভালো’
sports,"
বসুন্ধরার মেয়েদের সাফল্যের নেপথ্যে যিনি
",https://www.priyo.com/e/2743815-বসুন্ধরার-মেয়েদের-সাফল্যের-নেপথ্যে-যিনি
sports,"
Fog forces change in match timings
",https://www.priyo.com/e/2743805-Fog-forces-change-in-match-timings
sports,"
Mominul undergoes successful surgery
",https://www.priyo.com/e/2743806-Mominul-undergoes-successful-surgery
sports,"
প্লে অফে খেলতে চায় বেক্সিমকো ঢাকা
",https://www.priyo.com/e/2743793-প্লে-অফে-খেলতে-চায়-বেক্সিমকো-ঢাকা
sports,"
সফল অস্ত্রোপচার ক্রিকেটার মোমিনুলের
",https://www.priyo.com/e/2743785-সফল-অস্ত্রোপচার-ক্রিকেটার-মোমিনুলের
sports,"
চ্যাম্পিয়ন্স লিগ থেকে বিদায় ম্যান ইউ’য়ের, ক্ষুব্ধ সমর্থকরা
",https://www.priyo.com/e/2743733-চ্যাম্পিয়ন্স-লিগ-থেকে-বিদায়-ম্যান-ইউ’য়ের-ক্ষুব্ধ-সমর্থকরা
sports,"
সাকিবের সময় এখন ‘খারাপ’
",https://www.priyo.com/e/2743717-সাকিবের-সময়-এখন-‘খারাপ’
sports,"
PSG and Basaksehir to complete game suspended after racism walkout
",https://www.priyo.com/e/2743768-PSG-and-Basaksehir-to-complete-game-suspended-after-racism-walkout
sports,"
সচিন চাইছেন রোহিত ফিট হলেই অস্ট্রেলিয়া যান
",https://www.priyo.com/e/2743687-সচিন-চাইছেন-রোহিত-ফিট-হলেই-অস্ট্রেলিয়া-যান
sports,"
আইপিএল যেখানে করোনার চেয়ে এগিয়ে
",https://www.priyo.com/e/2743616-আইপিএল-যেখানে-করোনার-চেয়ে-এগিয়ে
sports,"
মেসিকে কখনও প্রতিদ্বন্দ্বী ভাবিনি : রোনালদো
",https://www.priyo.com/e/2743675-মেসিকে-কখনও-প্রতিদ্বন্দ্বী-ভাবিনি-:-রোনালদো
sports,"
৬২৭.৩ স্কোরে অনন্য উচ্চতায় বাকী
",https://www.priyo.com/e/2743609-৬২৭৩-স্কোরে-অনন্য-উচ্চতায়-বাকী
sports,"
‘Only thought of scoring a ton when on 95’
",https://www.priyo.com/e/2743601-‘Only-thought-of-scoring-a-ton-when-on-95’
sports,"
রেফারির বর্ণবাদী মন্তব্য, নেইমারদের ম্যাচ বয়কট
",https://www.priyo.com/e/2743575-রেফারির-বর্ণবাদী-মন্তব্য-নেইমারদের-ম্যাচ-বয়কট
sports,"
একাডেমি কাপের ফাইনালে ইউনাইটেড ও ওয়ারিয়র
",https://www.priyo.com/e/2743568-একাডেমি-কাপের-ফাইনালে-ইউনাইটেড-ও-ওয়ারিয়র
sports,"
মুমিনুলের অস্ত্রোপচার সম্পন্ন
",https://www.priyo.com/e/2743577-মুমিনুলের-অস্ত্রোপচার-সম্পন্ন
sports,"
৭ই জুন ঐতিহাসিক ৬ দফা দিবস উপলক্ষ্যে আয়োজিত অনলাইন কুইজ প্রতিযোগিতার ফলাফল প্রকাশ
",https://www.priyo.com/articles/20200725357913
sports,"
৪০ মিনিটে ঢাকা থেকে মাওয়া
",https://www.priyo.com/e/2742805-৪০-মিনিটে-ঢাকা-থেকে-মাওয়া
sports,"
সেই অভিনেত্রী করলেন কী?
",https://www.priyo.com/e/2696597-সেই-অভিনেত্রী-করলেন-কী
sports,"
সাত জেলা জজ বদলি
",https://www.priyo.com/e/2742758-সাত-জেলা-জজ-বদলি
sports,"
ইউটিউবে নতুন ফিচার আনছে গুগল
",https://www.priyo.com/e/2743320-ইউটিউবে-নতুন-ফিচার-আনছে-গুগল
sports,"
আফগানি মাটন পোলাও
",https://www.priyo.com/e/2743318-আফগানি-মাটন-পোলাও
sports,"
মধ্যরাতে ঢাবিতে ছাত্রলীগের পদবঞ্চিতদের মারধর (ভিডিও)
",https://www.priyo.com/articles/20190519355529
sports,"
পৃথিবীর সবচেয়ে দামি হোটেল রুমটি দেখতে কেমন?
",https://www.priyo.com/articles/20190314351413
sports,"
পাখির কলতানে মুখর নীলসাগর
",https://www.priyo.com/e/2734881-পাখির-কলতানে-মুখর-নীলসাগর
sports,"
ত্বকের যত্নে টমেটোর ব্যবহার!
",https://www.priyo.com/e/2742369-ত্বকের-যত্নে-টমেটোর-ব্যবহার
politics,"
পাপিয়া দম্পতির বিরুদ্ধে চার্জশিট
",https://www.priyo.com/e/2743700-পাপিয়া-দম্পতির-বিরুদ্ধে-চার্জশিট
politics,"
শ্রীমঙ্গলে শীতার্ত মানুষের মাঝে কম্বল বিতরণ
",https://www.priyo.com/e/2743449-শ্রীমঙ্গলে-শীতার্ত-মানুষের-মাঝে-কম্বল-বিতরণ
politics,"
জামায়াত গর্তে চলে গেছে, হেফাজত তো নস্যি: হানিফ
",https://www.priyo.com/e/2743340-জামায়াত-গর্তে-চলে-গেছে-হেফাজত-তো-নস্যি:-হানিফ
politics,"
নির্বাচন থেকে সরে দাঁড়ালেন আওয়ামী লীগের বিদ্রোহী প্রার্থী
",https://www.priyo.com/e/2743343-নির্বাচন-থেকে-সরে-দাঁড়ালেন-আওয়ামী-লীগের-বিদ্রোহী-প্রার্থী
politics,"
বঙ্গবন্ধুকে নিয়ে দু-চার কথা বলা তাদের ছলচাতুরি: তথ্যমন্ত্রী
",https://www.priyo.com/e/2743274-বঙ্গবন্ধুকে-নিয়ে-দু-চার-কথা-বলা-তাদের-ছলচাতুরি:-তথ্যমন্ত্রী
politics,"
পলাশবাড়ী পৌরসভায় ভোট কাল
",https://www.priyo.com/e/2743154-পলাশবাড়ী-পৌরসভায়-ভোট-কাল
politics,"
উপ-নির্বাচন: বেগমগঞ্জ উপজেলা পরিষদের ভোট বৃহস্পতিবার
",https://www.priyo.com/e/2743068-উপ-নির্বাচন:-বেগমগঞ্জ-উপজেলা-পরিষদের-ভোট-বৃহস্পতিবার
politics,"
আওয়ামী লীগই বর্ণচোরায় পরিণত হয়েছে : মির্জা ফখরুল
",https://www.priyo.com/e/2742732-আওয়ামী-লীগই-বর্ণচোরায়-পরিণত-হয়েছে-:-মির্জা-ফখরুল
politics,"
মাগুরা পৌরসভা নির্বাচনের আগেই
মাঠছাড়া বিএনপি
",https://www.priyo.com/e/2742549-মাগুরা-পৌরসভা-নির্বাচনের-আগেই-মাঠছাড়া-বিএনপি
politics,"
বিএনপির বর্ণচোরা রাজনীতি জাতির কাছে এখন স্পষ্ট : কাদের
",https://www.priyo.com/e/2742297-বিএনপির-বর্ণচোরা-রাজনীতি-জাতির-কাছে-এখন-স্পষ্ট-:-কাদের
politics,"
অনুমতি না থাকায় শ্রমিক দলকে মানববন্ধন করতে দেয়নি পুলিশ
",https://www.priyo.com/e/2742193-অনুমতি-না-থাকায়-শ্রমিক-দলকে-মানববন্ধন-করতে-দেয়নি-পুলিশ
politics,"
দিনাজপুর যুব মহিলা লীগের বিক্ষোভ সমাবেশ
",https://www.priyo.com/e/2742176-দিনাজপুর-যুব-মহিলা-লীগের-বিক্ষোভ-সমাবেশ
politics,"
বিএনপি নেতা কামাল ইবনে ইউসুফ আর নেই
",https://www.priyo.com/e/2742064-বিএনপি-নেতা-কামাল-ইবনে-ইউসুফ-আর-নেই
politics,"
এদের মাফ নাই: ইনু
",https://www.priyo.com/e/2741880-এদের-মাফ-নাই:-ইনু
politics,"
আলেমদের বিরুদ্ধে মামলা প্রত্যাহার চায় জামায়াত
",https://www.priyo.com/e/2740509-আলেমদের-বিরুদ্ধে-মামলা-প্রত্যাহার-চায়-জামায়াত
politics,"
বিএনপির নেতারা উঠলে পদ্মা সেতু ভেঙে পড়বে: শাজাহান খান
",https://www.priyo.com/e/2739852-বিএনপির-নেতারা-উঠলে-পদ্মা-সেতু-ভেঙে-পড়বে:-শাজাহান-খান
politics,"
‘দেশে কোন সাম্প্রদায়িক গোষ্ঠীকে মাথা তুলে দাঁড়াতে দেওয়া হবে না’
",https://www.priyo.com/e/2738910-‘দেশে-কোন-সাম্প্রদায়িক-গোষ্ঠীকে-মাথা-তুলে-দাঁড়াতে-দেওয়া-হবে-না’
politics,"
কসবায় ছাত্রদলের কমিটি বাতিলের দাবিতে বিক্ষোভ ও কুশপুত্তলিকা দাহ
",https://www.priyo.com/e/2738892-কসবায়-ছাত্রদলের-কমিটি-বাতিলের-দাবিতে-বিক্ষোভ-ও-কুশপুত্তলিকা-দাহ
politics,"
উগ্রতায় উৎসাহ দিচ্ছে সরকার: ইসলামী আন্দোলন
",https://www.priyo.com/e/2738825-উগ্রতায়-উৎসাহ-দিচ্ছে-সরকার:-ইসলামী-আন্দোলন
politics,"
বিএনপির সমস্যা সমাধানে বড় বাধা তারেক
",https://www.priyo.com/e/2738666-বিএনপির-সমস্যা-সমাধানে-বড়-বাধা-তারেক
politics,"
৭ই জুন ঐতিহাসিক ৬ দফা দিবস উপলক্ষ্যে আয়োজিত অনলাইন কুইজ প্রতিযোগিতার ফলাফল প্রকাশ
",https://www.priyo.com/articles/20200725357913
politics,"
পাখির কলতানে মুখর নীলসাগর
",https://www.priyo.com/e/2734881-পাখির-কলতানে-মুখর-নীলসাগর
politics,"
সেই অভিনেত্রী করলেন কী?
",https://www.priyo.com/e/2696597-সেই-অভিনেত্রী-করলেন-কী
politics,"
৪০ মিনিটে ঢাকা থেকে মাওয়া
",https://www.priyo.com/e/2742805-৪০-মিনিটে-ঢাকা-থেকে-মাওয়া
politics,"
মধ্যরাতে ঢাবিতে ছাত্রলীগের পদবঞ্চিতদের মারধর (ভিডিও)
",https://www.priyo.com/articles/20190519355529
politics,"
ত্বকের যত্নে টমেটোর ব্যবহার!
",https://www.priyo.com/e/2742369-ত্বকের-যত্নে-টমেটোর-ব্যবহার
politics,"
পৃথিবীর সবচেয়ে দামি হোটেল রুমটি দেখতে কেমন?
",https://www.priyo.com/articles/20190314351413
politics,"
ইউটিউবে নতুন ফিচার আনছে গুগল
",https://www.priyo.com/e/2743320-ইউটিউবে-নতুন-ফিচার-আনছে-গুগল
politics,"
সাত জেলা জজ বদলি
",https://www.priyo.com/e/2742758-সাত-জেলা-জজ-বদলি
politics,"
আফগানি মাটন পোলাও
",https://www.priyo.com/e/2743318-আফগানি-মাটন-পোলাও
bangladesh,"
৫০০ টাকা না দেয়ায় মাকে রড দিয়ে পেটাল ছেলে
",https://www.priyo.com/e/2744024-৫০০-টাকা-না-দেয়ায়-মাকে-রড-দিয়ে-পেটাল-ছেলে
bangladesh,"
চলন্ত ট্রেনে যৌন হয়রানির শিকার ৩ নারী ডাক্তার
",https://www.priyo.com/e/2744016-চলন্ত-ট্রেনে-যৌন-হয়রানির-শিকার-৩-নারী-ডাক্তার
bangladesh,"
নওগাঁয় ট্রাকের ধাক্কায় শ্যালক-ভগ্নিপতি নিহত
",https://www.priyo.com/e/2743979-নওগাঁয়-ট্রাকের-ধাক্কায়-শ্যালক-ভগ্নিপতি-নিহত
bangladesh,"
১৩ জেলার এসপিসহ ২৫ পুলিশ কর্মকর্তা বদলি
",https://www.priyo.com/e/2744017-১৩-জেলার-এসপিসহ-২৫-পুলিশ-কর্মকর্তা-বদলি
bangladesh,"
দ্বিতীয়বারের মত সবুজ ক্যাম্পাসের স্বীকৃতি পেল আইইউবিএটি
",https://www.priyo.com/e/2744019-দ্বিতীয়বারের-মত-সবুজ-ক্যাম্পাসের-স্বীকৃতি-পেল-আইইউবিএটি
bangladesh,"
প্রার্থীর মৃত্যু, শ্রীপুর পৌরনির্বাচনে মেয়র পদে ভোট স্থগিত
",https://www.priyo.com/e/2743981-প্রার্থীর-মৃত্যু-শ্রীপুর-পৌরনির্বাচনে-মেয়র-পদে-ভোট-স্থগিত
bangladesh,"
এক হাতে গাছের চারা, অন্য হাতে মাদককে লাল কার্ড
",https://www.priyo.com/e/2743961-এক-হাতে-গাছের-চারা-অন্য-হাতে-মাদককে-লাল-কার্ড
bangladesh,"
২০ কেজি সোনা চুরির মামলায় কর্মকর্তা রিমান্ডে | শেয়ার বিজ
",https://www.priyo.com/e/2743972-২০-কেজি-সোনা-চুরির-মামলায়-কর্মকর্তা-রিমান্ডে--শেয়ার-বিজ
bangladesh,"
আওয়ামী লীগই বর্ণচোরায় পরিণত হয়েছে: মির্জা ফখরুল
",https://www.priyo.com/e/2743965-আওয়ামী-লীগই-বর্ণচোরায়-পরিণত-হয়েছে:-মির্জা-ফখরুল
bangladesh,"
রাত পোহালেই ৯২ স্থানীয় সরকারে নির্বাচন
",https://www.priyo.com/e/2744007-রাত-পোহালেই-৯২-স্থানীয়-সরকারে-নির্বাচন
bangladesh,"
‘রাজাকারের তালিকা স্বাধীনতার সুবর্ণজয়ন্তীতে’
",https://www.priyo.com/e/2743935-‘রাজাকারের-তালিকা-স্বাধীনতার-সুবর্ণজয়ন্তীতে’
bangladesh,"
পুরো পদ্মা সেতু দৃশ্যমান হচ্ছে আজ
",https://www.priyo.com/e/2744008-পুরো-পদ্মা-সেতু-দৃশ্যমান-হচ্ছে-আজ
bangladesh,"
ঢাবি ক্যাম্পাস থেকে আবারও নবজাতকের লাশ উদ্ধার
",https://www.priyo.com/e/2743916-ঢাবি-ক্যাম্পাস-থেকে-আবারও-নবজাতকের-লাশ-উদ্ধার
bangladesh,"
‘পরিস্থিতির অগ্রগতি নেই’ দাবি মানবাধিকার কর্মীদের, সরকার বলছে ‘ভালো’
",https://www.priyo.com/e/2743869-‘পরিস্থিতির-অগ্রগতি-নেই’-দাবি-মানবাধিকার-কর্মীদের-সরকার-বলছে-‘ভালো’
bangladesh,"
বিদ্রোহী প্রার্থীর পক্ষে ‘ভোট চাইছেন এমপি স্মৃতি’
",https://www.priyo.com/e/2743896-বিদ্রোহী-প্রার্থীর-পক্ষে-‘ভোট-চাইছেন-এমপি-স্মৃতি’
bangladesh,"
আ.লীগ উগ্র-মৌলবাদীদের সঙ্গে আলোচনায় বিশ্বাসী না: হানিফ
",https://www.priyo.com/e/2743923-আলীগ-উগ্র-মৌলবাদীদের-সঙ্গে-আলোচনায়-বিশ্বাসী-না:-হানিফ
bangladesh,"
United Hospital’s 2021 calendar marks 50 years of Bangladesh
",https://www.priyo.com/e/2743856-United-Hospital’s-2021-calendar-marks-50-years-of-Bangladesh
bangladesh,"
Madhumoti erosion threatens Bir Shreshtha museum in Faridpur
",https://www.priyo.com/e/2743978-Madhumoti-erosion-threatens-Bir-Shreshtha-museum-in-Faridpur
bangladesh,"
শনাক্ত রোগীর চেয়ে সুস্থ দ্বিগুণেরও বেশি
",https://www.priyo.com/e/2743835-শনাক্ত-রোগীর-চেয়ে-সুস্থ-দ্বিগুণেরও-বেশি
bangladesh,"
নারায়ণগঞ্জে বান্ধবীর সহযোগিতায় তরুণীকে ধর্ষণ, যুবক গ্রেফতার
",https://www.priyo.com/e/2743906-নারায়ণগঞ্জে-বান্ধবীর-সহযোগিতায়-তরুণীকে-ধর্ষণ-যুবক-গ্রেফতার
bangladesh,"
৭ই জুন ঐতিহাসিক ৬ দফা দিবস উপলক্ষ্যে আয়োজিত অনলাইন কুইজ প্রতিযোগিতার ফলাফল প্রকাশ
",https://www.priyo.com/articles/20200725357913
bangladesh,"
৪০ মিনিটে ঢাকা থেকে মাওয়া
",https://www.priyo.com/e/2742805-৪০-মিনিটে-ঢাকা-থেকে-মাওয়া
bangladesh,"
সেই অভিনেত্রী করলেন কী?
",https://www.priyo.com/e/2696597-সেই-অভিনেত্রী-করলেন-কী
bangladesh,"
সাত জেলা জজ বদলি
",https://www.priyo.com/e/2742758-সাত-জেলা-জজ-বদলি
bangladesh,"
ইউটিউবে নতুন ফিচার আনছে গুগল
",https://www.priyo.com/e/2743320-ইউটিউবে-নতুন-ফিচার-আনছে-গুগল
bangladesh,"
আফগানি মাটন পোলাও
",https://www.priyo.com/e/2743318-আফগানি-মাটন-পোলাও
bangladesh,"
মধ্যরাতে ঢাবিতে ছাত্রলীগের পদবঞ্চিতদের মারধর (ভিডিও)
",https://www.priyo.com/articles/20190519355529
bangladesh,"
পৃথিবীর সবচেয়ে দামি হোটেল রুমটি দেখতে কেমন?
",https://www.priyo.com/articles/20190314351413
bangladesh,"
পাখির কলতানে মুখর নীলসাগর
",https://www.priyo.com/e/2734881-পাখির-কলতানে-মুখর-নীলসাগর
bangladesh,"
ত্বকের যত্নে টমেটোর ব্যবহার!
",https://www.priyo.com/e/2742369-ত্বকের-যত্নে-টমেটোর-ব্যবহার
science,"
UNEP: ‘Green recovery’ from Covid-19 can slow climate change
",https://www.priyo.com/e/2743230-UNEP:-‘Green-recovery’-from-Covid-19-can-slow-climate-change
science,"
World set for 3c warming despite pandemic, pledges: UN
",https://www.priyo.com/e/2742646-World-set-for-3c-warming-despite-pandemic-pledges:-UN
science,"
Brick kilns in coastal reserve forest area demolished after a decade
",https://www.priyo.com/e/2739687-Brick-kilns-in-coastal-reserve-forest-area-demolished-after-a-decade
science,"
A tough bargain
",https://www.priyo.com/e/2739217-A-tough-bargain
science,"
Redefining the climate leadership of ICCCAD
",https://www.priyo.com/e/2739216-Redefining-the-climate-leadership-of-ICCCAD
science,"
How to engage everyone in climate action
",https://www.priyo.com/e/2731757-How-to-engage-everyone-in-climate-action
science,"
Images from a climate dystopia
",https://www.priyo.com/e/2731753-Images-from-a-climate-dystopia
science,"
China becomes second nation after US to plant flag on the Moon
",https://www.priyo.com/e/2730423-China-becomes-second-nation-after-US-to-plant-flag-on-the-Moon
science,"
Indomitable women in the face of adversities of nature
",https://www.priyo.com/e/2729205-Indomitable-women-in-the-face-of-adversities-of-nature
science,"
Global knowledge, local resilience
",https://www.priyo.com/e/2729202-Global-knowledge-local-resilience
science,"
Feminism and the environment
",https://www.priyo.com/e/2727139-Feminism-and-the-environment
science,"
Engaging the private sector in innovation and transfer of green technologies
",https://www.priyo.com/e/2727045-Engaging-the-private-sector-in-innovation-and-transfer-of-green-technologies
science,"
5 dead as flash floods hit southern Thailand
",https://www.priyo.com/e/2723517-5-dead-as-flash-floods-hit-southern-Thailand
science,"
DoE Chattogram fines 13 businesses Tk 13.89 lakh for environmental damage
",https://www.priyo.com/e/2721008-DoE-Chattogram-fines-13-businesses-Tk-1389-lakh-for-environmental-damage
science,"
Saima Wazed calls for climate change action at high-level London dialogue
",https://www.priyo.com/e/2720354-Saima-Wazed-calls-for-climate-change-action-at-high-level-London-dialogue
science,"
Massive Puerto Rico telescope collapses
",https://www.priyo.com/e/2717977-Massive-Puerto-Rico-telescope-collapses
science,"
Ctg DoE fines steel mill Tk 10 lakh for polluting air
",https://www.priyo.com/e/2714892-Ctg-DoE-fines-steel-mill-Tk-10-lakh-for-polluting-air
science,"
টিকে থাকার সংকটে বগা
",https://www.priyo.com/e/2707672-টিকে-থাকার-সংকটে-বগা
science,"
কটকার হরিণ হারালো কোথায়
",https://www.priyo.com/e/2706343-কটকার-হরিণ-হারালো-কোথায়
science,"
Greenhouse gas levels at new high, despite Covid-19 measures
",https://www.priyo.com/e/2691900-Greenhouse-gas-levels-at-new-high-despite-Covid-19-measures
science,"
৭ই জুন ঐতিহাসিক ৬ দফা দিবস উপলক্ষ্যে আয়োজিত অনলাইন কুইজ প্রতিযোগিতার ফলাফল প্রকাশ
",https://www.priyo.com/articles/20200725357913
science,"
৪০ মিনিটে ঢাকা থেকে মাওয়া
",https://www.priyo.com/e/2742805-৪০-মিনিটে-ঢাকা-থেকে-মাওয়া
science,"
সেই অভিনেত্রী করলেন কী?
",https://www.priyo.com/e/2696597-সেই-অভিনেত্রী-করলেন-কী
science,"
সাত জেলা জজ বদলি
",https://www.priyo.com/e/2742758-সাত-জেলা-জজ-বদলি
science,"
ইউটিউবে নতুন ফিচার আনছে গুগল
",https://www.priyo.com/e/2743320-ইউটিউবে-নতুন-ফিচার-আনছে-গুগল
science,"
আফগানি মাটন পোলাও
",https://www.priyo.com/e/2743318-আফগানি-মাটন-পোলাও
science,"
মধ্যরাতে ঢাবিতে ছাত্রলীগের পদবঞ্চিতদের মারধর (ভিডিও)
",https://www.priyo.com/articles/20190519355529
science,"
পৃথিবীর সবচেয়ে দামি হোটেল রুমটি দেখতে কেমন?
",https://www.priyo.com/articles/20190314351413
science,"
পাখির কলতানে মুখর নীলসাগর
",https://www.priyo.com/e/2734881-পাখির-কলতানে-মুখর-নীলসাগর
science,"
ত্বকের যত্নে টমেটোর ব্যবহার!
",https://www.priyo.com/e/2742369-ত্বকের-যত্নে-টমেটোর-ব্যবহার
international,"
Canada approves Covid-19 vaccine
",https://www.priyo.com/e/2743974-Canada-approves-Covid-19-vaccine
international,"
কভিড-১৯ টিকা থেকে বঞ্চিত হতে যাচ্ছে দরিদ্র দেশগুলো | শেয়ার বিজ
",https://www.priyo.com/e/2743973-কভিড-১৯-টিকা-থেকে-বঞ্চিত-হতে-যাচ্ছে-দরিদ্র-দেশগুলো--শেয়ার-বিজ
international,"
ফাইজারের করোনা টিকার অনুমোদন দিল কানাডা
",https://www.priyo.com/e/2743960-ফাইজারের-করোনা-টিকার-অনুমোদন-দিল-কানাডা
international,"
Pandemic putting democracy under threat: study
",https://www.priyo.com/e/2743964-Pandemic-putting-democracy-under-threat:-study
international,"
Global death toll rises to 15,57,814
",https://www.priyo.com/e/2743963-Global-death-toll-rises-to-1557814
international,"
UK issues allergy warning over Pfizer vaccine
",https://www.priyo.com/e/2743962-UK-issues-allergy-warning-over-Pfizer-vaccine
international,"
বিজ্ঞানী হত্যায় জড়িত কয়েকজনকে গ্রেপ্তারের দাবি ইরানের | শেয়ার বিজ
",https://www.priyo.com/e/2743999-বিজ্ঞানী-হত্যায়-জড়িত-কয়েকজনকে-গ্রেপ্তারের-দাবি-ইরানের--শেয়ার-বিজ
international,"
Biden warns Congress must act or vaccine drive will 'slow and stall'
",https://www.priyo.com/e/2743997-Biden-warns-Congress-must-act-or-vaccine-drive-will-'slow-and-stall'
international,"
WHO: Covid-19 vaccine supply in Americas to take many months
",https://www.priyo.com/e/2743989-WHO:-Covid-19-vaccine-supply-in-Americas-to-take-many-months
international,"
জাপানের পাঠাগারে বই জীবাণুমুক্ত করতে ইউভি মেশিন
",https://www.priyo.com/e/2743868-জাপানের-পাঠাগারে-বই-জীবাণুমুক্ত-করতে-ইউভি-মেশিন
international,"
১০০ দিনের মধ্যে ১০ কোটি ডোজ টিকা বিতরণের লক্ষ্য বাইডেনের | শেয়ার বিজ
",https://www.priyo.com/e/2743970-১০০-দিনের-মধ্যে-১০-কোটি-ডোজ-টিকা-বিতরণের-লক্ষ্য-বাইডেনের--শেয়ার-বিজ
international,"
রিমুভার ছাড়া কীভাবে তুলবেন নেলপলিশ? জানুন...
",https://www.priyo.com/e/2743834-রিমুভার-ছাড়া-কীভাবে-তুলবেন-নেলপলিশ-জানুন
international,"
বুধবার কলকাতায় সোনা-রুপোর দাম কত? জানুন এক ক্লিকে...
",https://www.priyo.com/e/2743833-বুধবার-কলকাতায়-সোনা-রুপোর-দাম-কত-জানুন-এক-ক্লিকে
international,"
Kaun Banega Crorepati 12, Episode 53 Written Update: Amitabh Bachchan Met The Biggest Kiara Advani Fan
",https://www.priyo.com/e/2743826-Kaun-Banega-Crorepati-12-Episode-53-Written-Update:-Amitabh-Bachchan-Met-The-Biggest-Kiara-Advani-Fan
international,"
কৃষি বিলের প্রতিবাদে Jio Sim বয়কটের ডাক দেশের কৃষকদের!
",https://www.priyo.com/e/2743802-কৃষি-বিলের-প্রতিবাদে-Jio-Sim-বয়কটের-ডাক-দেশের-কৃষকদের
international,"
কানাডাতেও অনুমোদন পেলো ফাইজারের ভ্যাকসিন
",https://www.priyo.com/e/2743773-কানাডাতেও-অনুমোদন-পেলো-ফাইজারের-ভ্যাকসিন
international,"
আগামী বছর ১৩ লাখ গাড়ি উৎপাদন করবে ইরান
",https://www.priyo.com/e/2743795-আগামী-বছর-১৩-লাখ-গাড়ি-উৎপাদন-করবে-ইরান
international,"
বুদ্ধদেব ভট্টাচার্যের শারীরিক অবস্থা সংকটজনক
",https://www.priyo.com/e/2743792-বুদ্ধদেব-ভট্টাচার্যের-শারীরিক-অবস্থা-সংকটজনক
international,"
মোদি সরকারের প্রস্তাব ফিরিয়ে হুঁশিয়ারি কৃষকদের
",https://www.priyo.com/e/2743741-মোদি-সরকারের-প্রস্তাব-ফিরিয়ে-হুঁশিয়ারি-কৃষকদের
international,"
Canada approves Pfizer-BioNTech Covid-19 vaccine
",https://www.priyo.com/e/2743818-Canada-approves-Pfizer-BioNTech-Covid-19-vaccine
international,"
৭ই জুন ঐতিহাসিক ৬ দফা দিবস উপলক্ষ্যে আয়োজিত অনলাইন কুইজ প্রতিযোগিতার ফলাফল প্রকাশ
",https://www.priyo.com/articles/20200725357913
international,"
পাখির কলতানে মুখর নীলসাগর
",https://www.priyo.com/e/2734881-পাখির-কলতানে-মুখর-নীলসাগর
international,"
সেই অভিনেত্রী করলেন কী?
",https://www.priyo.com/e/2696597-সেই-অভিনেত্রী-করলেন-কী
international,"
৪০ মিনিটে ঢাকা থেকে মাওয়া
",https://www.priyo.com/e/2742805-৪০-মিনিটে-ঢাকা-থেকে-মাওয়া
international,"
মধ্যরাতে ঢাবিতে ছাত্রলীগের পদবঞ্চিতদের মারধর (ভিডিও)
",https://www.priyo.com/articles/20190519355529
international,"
পৃথিবীর সবচেয়ে দামি হোটেল রুমটি দেখতে কেমন?
",https://www.priyo.com/articles/20190314351413
international,"
ত্বকের যত্নে টমেটোর ব্যবহার!
",https://www.priyo.com/e/2742369-ত্বকের-যত্নে-টমেটোর-ব্যবহার
international,"
ইউটিউবে নতুন ফিচার আনছে গুগল
",https://www.priyo.com/e/2743320-ইউটিউবে-নতুন-ফিচার-আনছে-গুগল
international,"
সাত জেলা জজ বদলি
",https://www.priyo.com/e/2742758-সাত-জেলা-জজ-বদলি
international,"
আফগানি মাটন পোলাও
",https://www.priyo.com/e/2743318-আফগানি-মাটন-পোলাও
