tag,title,link,votes,date
python,Jupyter notebook not opening in VS Code,https://stackoverflow.com/questions/53802768/jupyter-notebook-not-opening-in-vs-code,1,2020-12-01 13:55:28Z
python,SQLAlchemy with dataclass default not populating postgres database,https://stackoverflow.com/questions/55577165/sqlalchemy-with-dataclass-default-not-populating-postgres-database,2,2020-12-01 13:55:25Z
python,How to import urls from apps in django main urls file,https://stackoverflow.com/questions/65090684/how-to-import-urls-from-apps-in-django-main-urls-file,0,2020-12-01 13:55:20Z
python,value from another python file doesnt come out correctly,https://stackoverflow.com/questions/65091716/value-from-another-python-file-doesnt-come-out-correctly,0,2020-12-01 13:55:05Z
python,Why I cannot click a button by selenium,https://stackoverflow.com/questions/65086286/why-i-cannot-click-a-button-by-selenium,0,2020-12-01 13:54:39Z
python,How to do a interpolation by using thresholds with python?,https://stackoverflow.com/questions/65091821/how-to-do-a-interpolation-by-using-thresholds-with-python,0,2020-12-01 13:54:21Z
python,Addition in python 2.0,https://stackoverflow.com/questions/65091787/addition-in-python-2-0,-2,2020-12-01 13:54:11Z
python,Copying the values I got with Python to another program,https://stackoverflow.com/questions/65091817/copying-the-values-i-got-with-python-to-another-program,1,2020-12-01 13:54:07Z
python,Best way to speed up matrix operations?,https://stackoverflow.com/questions/65091811/best-way-to-speed-up-matrix-operations,0,2020-12-01 13:53:26Z
python,How do i get the curve_fit to fit the data?,https://stackoverflow.com/questions/65089816/how-do-i-get-the-curve-fit-to-fit-the-data,0,2020-12-01 13:53:12Z
python,Print an organized DataFrame from GroupBy,https://stackoverflow.com/questions/65091738/print-an-organized-dataframe-from-groupby,0,2020-12-01 13:53:06Z
python,Jupyterlab toc extension issue - Cant open/ see entire section,https://stackoverflow.com/questions/65091804/jupyterlab-toc-extension-issue-cant-open-see-entire-section,0,2020-12-01 13:53:04Z
python,Pandas replace column values with rolling sum of that column,https://stackoverflow.com/questions/65091234/pandas-replace-column-values-with-rolling-sum-of-that-column,0,2020-12-01 13:53:00Z
python,Fetch value from python dictionary and pass one by one,https://stackoverflow.com/questions/65091719/fetch-value-from-python-dictionary-and-pass-one-by-one,0,2020-12-01 13:52:57Z
python,googletrans for python requests and characters limits,https://stackoverflow.com/questions/65071010/googletrans-for-python-requests-and-characters-limits,-1,2020-12-01 13:52:54Z
